question,answer_a,answer_b,winner_run1,winner_run2,winner_after_swap,reason
Tờ khai thuế GTGT trong BCTC.pdf sử dụng mẫu số nào?,Tờ khai thuế GTGT trong BCTC.pdf sử dụng mẫu số nào: use the Lab 24 rubric and verify the result with saved metrics.,"Tờ khai thuế GTGT trong BCTC.pdf sử dụng mẫu số nào: use a clear rubric, retrieved evidence, metric thresholds, calibration labels, and guardrail logs before accepting the answer.",tie,tie,tie,"Compared relevance, factual accuracy, completeness, and conciseness with swapped answer order."
Kỳ tính thuế của tờ khai thuế GTGT là thời gian nào?,Kỳ tính thuế của tờ khai thuế GTGT là thời gian nào: use the Lab 24 rubric and verify the result with saved metrics.,"Kỳ tính thuế của tờ khai thuế GTGT là thời gian nào: use a clear rubric, retrieved evidence, metric thresholds, calibration labels, and guardrail logs before accepting the answer.",tie,tie,tie,"Compared relevance, factual accuracy, completeness, and conciseness with swapped answer order."
Tên người nộp thuế trong tờ khai là gì?,Tên người nộp thuế trong tờ khai là gì: use the Lab 24 rubric and verify the result with saved metrics.,"Tên người nộp thuế trong tờ khai là gì: check the relevant metric, compare it with thresholds, and document the operational follow-up.",tie,tie,tie,"Compared relevance, factual accuracy, completeness, and conciseness with swapped answer order."
Mã số thuế của người nộp thuế trong tờ khai là gì?,Mã số thuế của người nộp thuế trong tờ khai là gì: use the Lab 24 rubric and verify the result with saved metrics.,This is usually fine. Add more evaluation if needed.,A,A,A,"Compared relevance, factual accuracy, completeness, and conciseness with swapped answer order."
Nghị định 13/2023/NĐ-CP quy định về nội dung gì?,Nghị định 13/2023/NĐ-CP quy định về nội dung gì: use the Lab 24 rubric and verify the result with saved metrics.,"Nghị định 13/2023/NĐ-CP quy định về nội dung gì: use a clear rubric, retrieved evidence, metric thresholds, calibration labels, and guardrail logs before accepting the answer.",tie,tie,tie,"Compared relevance, factual accuracy, completeness, and conciseness with swapped answer order."
Số thuế GTGT còn được khấu trừ kỳ trước chuyển sang là bao nhiêu?,Số thuế GTGT còn được khấu trừ kỳ trước chuyển sang là bao nhiêu: use the Lab 24 rubric and verify the result with saved metrics.,This is usually fine. Add more evaluation if needed.,A,A,A,"Compared relevance, factual accuracy, completeness, and conciseness with swapped answer order."
"Giá trị hàng hóa, dịch vụ mua vào trong kỳ và thuế GTGT tương ứng là bao nhiêu?","Giá trị hàng hóa, dịch vụ mua vào trong kỳ và thuế GTGT tương ứng là bao nhiêu: use the Lab 24 rubric and verify the result with saved metrics.","Giá trị hàng hóa, dịch vụ mua vào trong kỳ và thuế GTGT tương ứng là bao nhiêu: check the relevant metric, compare it with thresholds, and document the operational follow-up.",tie,tie,tie,"Compared relevance, factual accuracy, completeness, and conciseness with swapped answer order."
"Hàng hóa, dịch vụ bán ra chịu thuế suất 10% có giá trị và thuế GTGT là bao nhiêu?","Hàng hóa, dịch vụ bán ra chịu thuế suất 10% có giá trị và thuế GTGT là bao nhiêu: use the Lab 24 rubric and verify the result with saved metrics.","Hàng hóa, dịch vụ bán ra chịu thuế suất 10% có giá trị và thuế GTGT là bao nhiêu: check the relevant metric, compare it with thresholds, and document the operational follow-up.",tie,tie,tie,"Compared relevance, factual accuracy, completeness, and conciseness with swapped answer order."
"Theo Nghị định 13/2023/NĐ-CP, số định danh cá nhân có được xem là dữ liệu cá nhân cơ bản không?","Theo Nghị định 13/2023/NĐ-CP, số định danh cá nhân có được xem là dữ liệu cá nhân cơ bản không: use the Lab 24 rubric and verify the result with saved metrics.",This is usually fine. Add more evaluation if needed.,A,A,A,"Compared relevance, factual accuracy, completeness, and conciseness with swapped answer order."
"Theo Nghị định 13/2023/NĐ-CP, sự đồng ý của chủ thể dữ liệu chỉ có hiệu lực khi đáp ứng điều kiện gì?","Theo Nghị định 13/2023/NĐ-CP, sự đồng ý của chủ thể dữ liệu chỉ có hiệu lực khi đáp ứng điều kiện gì: use the Lab 24 rubric and verify the result with saved metrics.","Theo Nghị định 13/2023/NĐ-CP, sự đồng ý của chủ thể dữ liệu chỉ có hiệu lực khi đáp ứng điều kiện gì: check the relevant metric, compare it with thresholds, and document the operational follow-up.",tie,tie,tie,"Compared relevance, factual accuracy, completeness, and conciseness with swapped answer order."
Tờ khai GTGT thuộc tài liệu nào?,Tờ khai GTGT thuộc tài liệu nào: use the Lab 24 rubric and verify the result with saved metrics.,"Tờ khai GTGT thuộc tài liệu nào: use a clear rubric, retrieved evidence, metric thresholds, calibration labels, and guardrail logs before accepting the answer.",B,B,B,"Compared relevance, factual accuracy, completeness, and conciseness with swapped answer order."
Nghị định 13/2023/NĐ-CP nói về chủ đề gì?,Nghị định 13/2023/NĐ-CP nói về chủ đề gì: use the Lab 24 rubric and verify the result with saved metrics.,"Nghị định 13/2023/NĐ-CP nói về chủ đề gì: check the relevant metric, compare it with thresholds, and document the operational follow-up.",tie,tie,tie,"Compared relevance, factual accuracy, completeness, and conciseness with swapped answer order."
Tên doanh nghiệp trong tờ khai là gì?,Tên doanh nghiệp trong tờ khai là gì: use the Lab 24 rubric and verify the result with saved metrics.,"Tên doanh nghiệp trong tờ khai là gì: check the relevant metric, compare it with thresholds, and document the operational follow-up.",tie,tie,tie,"Compared relevance, factual accuracy, completeness, and conciseness with swapped answer order."
Mã số thuế của DHA SURFACES là gì?,Mã số thuế của DHA SURFACES là gì: use the Lab 24 rubric and verify the result with saved metrics.,"Mã số thuế của DHA SURFACES là gì: check the relevant metric, compare it with thresholds, and document the operational follow-up.",tie,tie,tie,"Compared relevance, factual accuracy, completeness, and conciseness with swapped answer order."
Kỳ tính thuế GTGT trong BCTC là quý nào?,Kỳ tính thuế GTGT trong BCTC là quý nào: use the Lab 24 rubric and verify the result with saved metrics.,"Kỳ tính thuế GTGT trong BCTC là quý nào: use a clear rubric, retrieved evidence, metric thresholds, calibration labels, and guardrail logs before accepting the answer.",tie,tie,tie,"Compared relevance, factual accuracy, completeness, and conciseness with swapped answer order."
Thuế GTGT đầu ra trong kỳ là bao nhiêu?,Thuế GTGT đầu ra trong kỳ là bao nhiêu: use the Lab 24 rubric and verify the result with saved metrics.,"Thuế GTGT đầu ra trong kỳ là bao nhiêu: check the relevant metric, compare it with thresholds, and document the operational follow-up.",tie,tie,tie,"Compared relevance, factual accuracy, completeness, and conciseness with swapped answer order."
Thuế GTGT đầu vào được khấu trừ là bao nhiêu?,Thuế GTGT đầu vào được khấu trừ là bao nhiêu: use the Lab 24 rubric and verify the result with saved metrics.,This is usually fine. Add more evaluation if needed.,A,A,A,"Compared relevance, factual accuracy, completeness, and conciseness with swapped answer order."
Số thuế GTGT còn phải nộp là bao nhiêu?,Số thuế GTGT còn phải nộp là bao nhiêu: use the Lab 24 rubric and verify the result with saved metrics.,"Số thuế GTGT còn phải nộp là bao nhiêu: check the relevant metric, compare it with thresholds, and document the operational follow-up.",tie,tie,tie,"Compared relevance, factual accuracy, completeness, and conciseness with swapped answer order."
Nghị định 13 có nhắc đến dữ liệu cá nhân cơ bản không?,Nghị định 13 có nhắc đến dữ liệu cá nhân cơ bản không: use the Lab 24 rubric and verify the result with saved metrics.,"Nghị định 13 có nhắc đến dữ liệu cá nhân cơ bản không: check the relevant metric, compare it with thresholds, and document the operational follow-up.",tie,tie,tie,"Compared relevance, factual accuracy, completeness, and conciseness with swapped answer order."
Nghị định 13 có nhắc đến dữ liệu cá nhân nhạy cảm không?,Nghị định 13 có nhắc đến dữ liệu cá nhân nhạy cảm không: use the Lab 24 rubric and verify the result with saved metrics.,"Nghị định 13 có nhắc đến dữ liệu cá nhân nhạy cảm không: use a clear rubric, retrieved evidence, metric thresholds, calibration labels, and guardrail logs before accepting the answer.",tie,tie,tie,"Compared relevance, factual accuracy, completeness, and conciseness with swapped answer order."
Ai là chủ thể dữ liệu trong Nghị định 13?,Ai là chủ thể dữ liệu trong Nghị định 13: use the Lab 24 rubric and verify the result with saved metrics.,"Ai là chủ thể dữ liệu trong Nghị định 13: check the relevant metric, compare it with thresholds, and document the operational follow-up.",tie,tie,tie,"Compared relevance, factual accuracy, completeness, and conciseness with swapped answer order."
Sự đồng ý của chủ thể dữ liệu cần điều kiện gì?,Sự đồng ý của chủ thể dữ liệu cần điều kiện gì: use the Lab 24 rubric and verify the result with saved metrics.,"Sự đồng ý của chủ thể dữ liệu cần điều kiện gì: check the relevant metric, compare it with thresholds, and document the operational follow-up.",tie,tie,tie,"Compared relevance, factual accuracy, completeness, and conciseness with swapped answer order."
Cơ quan nào được thông báo khi có vi phạm dữ liệu cá nhân?,Cơ quan nào được thông báo khi có vi phạm dữ liệu cá nhân: use the Lab 24 rubric and verify the result with saved metrics.,"Cơ quan nào được thông báo khi có vi phạm dữ liệu cá nhân: check the relevant metric, compare it with thresholds, and document the operational follow-up.",tie,tie,tie,"Compared relevance, factual accuracy, completeness, and conciseness with swapped answer order."
Thời hạn thông báo vi phạm dữ liệu cá nhân là bao lâu?,Thời hạn thông báo vi phạm dữ liệu cá nhân là bao lâu: use the Lab 24 rubric and verify the result with saved metrics.,"Thời hạn thông báo vi phạm dữ liệu cá nhân là bao lâu: check the relevant metric, compare it with thresholds, and document the operational follow-up.",tie,tie,tie,"Compared relevance, factual accuracy, completeness, and conciseness with swapped answer order."
BCTC.pdf có liên quan đến thuế GTGT không?,BCTC.pdf có liên quan đến thuế GTGT không: use the Lab 24 rubric and verify the result with saved metrics.,"BCTC.pdf có liên quan đến thuế GTGT không: check the relevant metric, compare it with thresholds, and document the operational follow-up.",tie,tie,tie,"Compared relevance, factual accuracy, completeness, and conciseness with swapped answer order."
Nghị định 13 có phải tài liệu về bảo vệ dữ liệu cá nhân không?,Nghị định 13 có phải tài liệu về bảo vệ dữ liệu cá nhân không: use the Lab 24 rubric and verify the result with saved metrics.,"Nghị định 13 có phải tài liệu về bảo vệ dữ liệu cá nhân không: check the relevant metric, compare it with thresholds, and document the operational follow-up.",tie,tie,tie,"Compared relevance, factual accuracy, completeness, and conciseness with swapped answer order."
Thuế GTGT phát sinh trong kỳ được tính như thế nào và bằng bao nhiêu?,Thuế GTGT phát sinh trong kỳ được tính như thế nào và bằng bao nhiêu: use the Lab 24 rubric and verify the result with saved metrics.,"Thuế GTGT phát sinh trong kỳ được tính như thế nào và bằng bao nhiêu: check the relevant metric, compare it with thresholds, and document the operational follow-up.",tie,tie,tie,"Compared relevance, factual accuracy, completeness, and conciseness with swapped answer order."
"Sau khi bù trừ thuế GTGT còn được khấu trừ kỳ trước chuyển sang, số thuế GTGT còn phải nộp trong kỳ là bao nhiêu?","Sau khi bù trừ thuế GTGT còn được khấu trừ kỳ trước chuyển sang, số thuế GTGT còn phải nộp trong kỳ là bao nhiêu: use the Lab 24 rubric and verify the result with saved metrics.","Sau khi bù trừ thuế GTGT còn được khấu trừ kỳ trước chuyển sang, số thuế GTGT còn phải nộp trong kỳ là bao nhiêu: check the relevant metric, compare it with thresholds, and document the operational follow-up.",tie,tie,tie,"Compared relevance, factual accuracy, completeness, and conciseness with swapped answer order."
Tờ khai được lập ngày nào và người ký đại diện là ai?,Tờ khai được lập ngày nào và người ký đại diện là ai: use the Lab 24 rubric and verify the result with saved metrics.,"Tờ khai được lập ngày nào và người ký đại diện là ai: check the relevant metric, compare it with thresholds, and document the operational follow-up.",tie,tie,tie,"Compared relevance, factual accuracy, completeness, and conciseness with swapped answer order."
"Theo Nghị định 13/2023/NĐ-CP, trong bao lâu Bên Kiểm soát dữ liệu cá nhân phải thực hiện yêu cầu cung cấp dữ liệu cá nhân sau khi nhận yêu cầu hợp lệ?","Theo Nghị định 13/2023/NĐ-CP, trong bao lâu Bên Kiểm soát dữ liệu cá nhân phải thực hiện yêu cầu cung cấp dữ liệu cá nhân sau khi nhận yêu cầu hợp lệ: use the Lab 24 rubric and verify the result with saved metrics.",This is usually fine. Add more evaluation if needed.,A,A,A,"Compared relevance, factual accuracy, completeness, and conciseness with swapped answer order."
"Khi phát hiện vi phạm quy định bảo vệ dữ liệu cá nhân, thông báo phải gửi cho cơ quan nào và trong thời hạn nào?","Khi phát hiện vi phạm quy định bảo vệ dữ liệu cá nhân, thông báo phải gửi cho cơ quan nào và trong thời hạn nào: use the Lab 24 rubric and verify the result with saved metrics.","Khi phát hiện vi phạm quy định bảo vệ dữ liệu cá nhân, thông báo phải gửi cho cơ quan nào và trong thời hạn nào: use a clear rubric, retrieved evidence, metric thresholds, calibration labels, and guardrail logs before accepting the answer.",tie,tie,tie,"Compared relevance, factual accuracy, completeness, and conciseness with swapped answer order."
Thuế GTGT phát sinh trong kỳ được tính từ những chỉ tiêu nào?,Thuế GTGT phát sinh trong kỳ được tính từ những chỉ tiêu nào: use the Lab 24 rubric and verify the result with saved metrics.,"Thuế GTGT phát sinh trong kỳ được tính từ những chỉ tiêu nào: check the relevant metric, compare it with thresholds, and document the operational follow-up.",tie,tie,tie,"Compared relevance, factual accuracy, completeness, and conciseness with swapped answer order."
